,count,mean,std,min,25%,50%,75%,max,skewness,kurtosis
actual_time,140909.0,424.62736943701253,603.3102293176564,9.0,51.0,135.0,533.0,4154.0,2.027251480414304,3.7579531853851185
osrm_time,140909.0,218.2281401471872,310.77455164073933,6.0,27.0,66.0,269.0,1686.0,2.004770207590279,3.5679396867483355
actual_distance_to_destination,140909.0,239.04206960296312,348.0514391909093,9.00004535977208,23.38126422381325,66.45047603323991,308.03578268961144,1927.4477046975032,1.9506250427187413,3.2167104446501904
segment_actual_time,140909.0,35.82073536821637,50.4730580823429,-244.0,20.0,28.0,40.0,3051.0,16.248637947220647,476.6531899533933
segment_osrm_distance,140909.0,23.017968598173287,17.83986160284966,0.0,12.272200000000002,23.6028,27.8985,2191.4037000000003,27.31431297762075,2391.5076824891
cutoff_factor,140909.0,237.88790637929444,347.81699261130547,9.0,22.0,66.0,308.0,1927.0,1.9516000548911294,3.2200570821875614
factor,140909.0,2.103093132001313,1.6616618947880093,0.144,1.6020408163265305,1.8529411764705883,2.2,76.5,17.799188928555235,511.30835884277946
